ID,Статус,Сообщение
61123292,посмотрел,ВЫ НАПИСАЛИ КЛИЕНТУ
61116417,посмотрел,ВЫ НАПИСАЛИ КЛИЕНТУ
60315485,посмотрел,ВЫ НАПИСАЛИ КЛИЕНТУ
61104262,посмотрел,КЛИЕНТ ВЫБРАЛ ДРУГОГО СПЕЦИАЛИСТА
61100913,посмотрел,ВЫ НАПИСАЛИ КЛИЕНТУ
61083659,посмотрел,ВЫ НАПИСАЛИ КЛИЕНТУ
60818014,посмотрел,ВЫ НАПИСАЛИ КЛИЕНТУ
61064319,посмотрел,КЛИЕНТ ОТМЕНИЛ ЗАКАЗ
61045142,посмотрел,КЛИЕНТ ОТМЕНИЛ ЗАКАЗ
60853699,ответил,КЛИЕНТ ОТМЕНИЛ ЗАКАЗ
61033261,посмотрел,КЛИЕНТ ВЫБРАЛ ДРУГОГО СПЕЦИАЛИСТА
61031134,посмотрел,КЛИЕНТ ОТМЕНИЛ ЗАКАЗ
61029947,не читал,КЛИЕНТ ВЫБРАЛ ДРУГОГО СПЕЦИАЛИСТА
61027819,посмотрел,КЛИЕНТ ВЫБРАЛ ДРУГОГО СПЕЦИАЛИСТА
61024220,посмотрел,КЛИЕНТ ВЫБРАЛ ДРУГОГО СПЕЦИАЛИСТА
61022025,посмотрел,КЛИЕНТ ВЫБРАЛ ДРУГОГО СПЕЦИАЛИСТА
61010176,посмотрел,КЛИЕНТ ВЫБРАЛ ДРУГОГО СПЕЦИАЛИСТА
61004847,не читал,КЛИЕНТ ОТМЕНИЛ ЗАКАЗ
61000409,посмотрел,КЛИЕНТ ВЫБРАЛ ДРУГОГО СПЕЦИАЛИСТА
60987514,посмотрел,КЛИЕНТ ВЫБРАЛ ДРУГОГО СПЕЦИАЛИСТА
60988737,посмотрел,КЛИЕНТ ВЫБРАЛ ДРУГОГО СПЕЦИАЛИСТА
60987310,посмотрел,КЛИЕНТ ОТМЕНИЛ ЗАКАЗ
60982584,посмотрел,ВЫ НАПИСАЛИ КЛИЕНТУ
60981188,не читал,КЛИЕНТ ВЫБРАЛ ДРУГОГО СПЕЦИАЛИСТА
60979846,посмотрел,КЛИЕНТ ВЫБРАЛ ДРУГОГО СПЕЦИАЛИСТА
60977303,посмотрел,КЛИЕНТ ОТМЕНИЛ ЗАКАЗ
60966666,не читал,КЛИЕНТ ВЫБРАЛ ДРУГОГО СПЕЦИАЛИСТА
60965416,посмотрел,КЛИЕНТ ВЫБРАЛ ДРУГОГО СПЕЦИАЛИСТА
60950909,посмотрел,ВЫ НАПИСАЛИ КЛИЕНТУ
60963666,посмотрел,КЛИЕНТ ВЫБРАЛ ДРУГОГО СПЕЦИАЛИСТА
60953260,посмотрел,ВЫ НАПИСАЛИ КЛИЕНТУ
60940277,посмотрел,КЛИЕНТ ВЫБРАЛ ДРУГОГО СПЕЦИАЛИСТА
60940243,посмотрел,КЛИЕНТ ОТМЕНИЛ ЗАКАЗ
60939056,посмотрел,ВЫ НАПИСАЛИ КЛИЕНТУ
60935312,посмотрел,КЛИЕНТ ВЫБРАЛ ДРУГОГО СПЕЦИАЛИСТА
60927132,посмотрел,КЛИЕНТ ОТМЕНИЛ ЗАКАЗ
60916965,посмотрел,КЛИЕНТ ВЫБРАЛ ДРУГОГО СПЕЦИАЛИСТА
60893037,посмотрел,КЛИЕНТ ВЫБРАЛ ДРУГОГО СПЕЦИАЛИСТА
60906968,посмотрел,КЛИЕНТ ВЫБРАЛ ДРУГОГО СПЕЦИАЛИСТА
60897211,посмотрел,КЛИЕНТ ВЫБРАЛ ДРУГОГО СПЕЦИАЛИСТА
60896512,посмотрел,КЛИЕНТ ОТМЕНИЛ ЗАКАЗ
60878048,посмотрел,ВЫ НАПИСАЛИ КЛИЕНТУ
60877909,посмотрел,ВЫ НАПИСАЛИ КЛИЕНТУ
60872208,посмотрел,КЛИЕНТ ВЫБРАЛ ДРУГОГО СПЕЦИАЛИСТА
60865949,ответил,КЛИЕНТ ВЫБРАЛ ДРУГОГО СПЕЦИАЛИСТА
60864423,посмотрел,КЛИЕНТ ОТМЕНИЛ ЗАКАЗ
60862197,посмотрел,КЛИЕНТ ВЫБРАЛ ДРУГОГО СПЕЦИАЛИСТА
60859697,посмотрел,КЛИЕНТ ВЫБРАЛ ДРУГОГО СПЕЦИАЛИСТА
60841258,ответил,ВЫ НАПИСАЛИ КЛИЕНТУ
60850374,посмотрел,КЛИЕНТ ОТМЕНИЛ ЗАКАЗ
60848020,посмотрел,ВЫ НАПИСАЛИ КЛИЕНТУ
60832485,посмотрел,ВЫ НАПИСАЛИ КЛИЕНТУ
60828820,посмотрел,КЛИЕНТ ВЫБРАЛ ДРУГОГО СПЕЦИАЛИСТА
60800923,ответил,КЛИЕНТ ОТМЕНИЛ ЗАКАЗ
60791013,ответил,КЛИЕНТ ОТМЕНИЛ ЗАКАЗ
60787523,посмотрел,КЛИЕНТ ВЫБРАЛ ДРУГОГО СПЕЦИАЛИСТА
60779401,посмотрел,КЛИЕНТ ВЫБРАЛ ДРУГОГО СПЕЦИАЛИСТА
60606517,ответил,КЛИЕНТ ОТМЕНИЛ ЗАКАЗ
60773962,не читал,КЛИЕНТ ВЫБРАЛ ДРУГОГО СПЕЦИАЛИСТА
60358420,посмотрел,КЛИЕНТ ВЫБРАЛ ДРУГОГО СПЕЦИАЛИСТА
60762232,посмотрел,КЛИЕНТ ВЫБРАЛ ДРУГОГО СПЕЦИАЛИСТА
60760024,посмотрел,КЛИЕНТ ВЫБРАЛ ДРУГОГО СПЕЦИАЛИСТА
60751376,не читал,КЛИЕНТ ОТМЕНИЛ ЗАКАЗ
60750666,посмотрел,КЛИЕНТ ВЫБРАЛ ДРУГОГО СПЕЦИАЛИСТА
60749990,посмотрел,КЛИЕНТ ОТМЕНИЛ ЗАКАЗ
60749873,не читал,КЛИЕНТ ВЫБРАЛ ДРУГОГО СПЕЦИАЛИСТА
60746612,посмотрел,КЛИЕНТ ВЫБРАЛ ДРУГОГО СПЕЦИАЛИСТА
60746361,посмотрел,КЛИЕНТ ВЫБРАЛ ДРУГОГО СПЕЦИАЛИСТА
60746270,не читал,КЛИЕНТ ОТМЕНИЛ ЗАКАЗ
60746221,посмотрел,КЛИЕНТ ОТМЕНИЛ ЗАКАЗ
60745982,посмотрел,ВЫ НАПИСАЛИ КЛИЕНТУ
60745873,посмотрел,КЛИЕНТ ОТМЕНИЛ ЗАКАЗ
60736807,посмотрел,КЛИЕНТ ОТМЕНИЛ ЗАКАЗ
60745576,посмотрел,ВЫ НАПИСАЛИ КЛИЕНТУ
60744538,не читал,КЛИЕНТ ВЫБРАЛ ДРУГОГО СПЕЦИАЛИСТА
60720479,посмотрел,КЛИЕНТ ВЫБРАЛ ДРУГОГО СПЕЦИАЛИСТА
60720222,посмотрел,КЛИЕНТ ОТМЕНИЛ ЗАКАЗ
60719863,ответил,КЛИЕНТ ОТМЕНИЛ ЗАКАЗ
60719703,посмотрел,ВЫ НАПИСАЛИ КЛИЕНТУ
60715234,посмотрел,ВЫ НАПИСАЛИ КЛИЕНТУ
60712909,посмотрел,КЛИЕНТ ОТМЕНИЛ ЗАКАЗ
60708564,посмотрел,КЛИЕНТ ОТМЕНИЛ ЗАКАЗ
60711828,не читал,КЛИЕНТ ВЫБРАЛ ДРУГОГО СПЕЦИАЛИСТА
60709793,посмотрел,КЛИЕНТ ОТМЕНИЛ ЗАКАЗ
60708011,посмотрел,ВЫ НАПИСАЛИ КЛИЕНТУ
60703672,посмотрел,КЛИЕНТ ОТМЕНИЛ ЗАКАЗ
60701907,посмотрел,КЛИЕНТ ВЫБРАЛ ДРУГОГО СПЕЦИАЛИСТА
60697836,не читал,КЛИЕНТ ВЫБРАЛ ДРУГОГО СПЕЦИАЛИСТА
60696468,посмотрел,ВЫ НАПИСАЛИ КЛИЕНТУ
60694719,посмотрел,КЛИЕНТ ОТМЕНИЛ ЗАКАЗ
60692271,посмотрел,КЛИЕНТ ОТМЕНИЛ ЗАКАЗ
60691726,посмотрел,КЛИЕНТ ВЫБРАЛ ДРУГОГО СПЕЦИАЛИСТА
60687316,посмотрел,КЛИЕНТ ВЫБРАЛ ДРУГОГО СПЕЦИАЛИСТА
60686526,посмотрел,КЛИЕНТ ВЫБРАЛ ДРУГОГО СПЕЦИАЛИСТА
60686186,посмотрел,КЛИЕНТ ОТМЕНИЛ ЗАКАЗ
60682653,посмотрел,КЛИЕНТ ВЫБРАЛ ДРУГОГО СПЕЦИАЛИСТА
60682134,посмотрел,КЛИЕНТ ОТМЕНИЛ ЗАКАЗ
60681168,не читал,КЛИЕНТ ОТМЕНИЛ ЗАКАЗ
60678044,посмотрел,КЛИЕНТ ОТМЕНИЛ ЗАКАЗ
60640818,не читал,КЛИЕНТ ОТМЕНИЛ ЗАКАЗ
60663690,не читал,ВЫ НАПИСАЛИ КЛИЕНТУ
60658357,ответил,ВЫ НАПИСАЛИ КЛИЕНТУ
60657006,не читал,КЛИЕНТ ВЫБРАЛ ДРУГОГО СПЕЦИАЛИСТА
60656353,посмотрел,КЛИЕНТ ВЫБРАЛ ДРУГОГО СПЕЦИАЛИСТА
60655126,посмотрел,КЛИЕНТ ВЫБРАЛ ДРУГОГО СПЕЦИАЛИСТА
60655010,не читал,КЛИЕНТ ВЫБРАЛ ДРУГОГО СПЕЦИАЛИСТА
60651525,посмотрел,ВЫ НАПИСАЛИ КЛИЕНТУ
60645593,не читал,КЛИЕНТ ВЫБРАЛ ДРУГОГО СПЕЦИАЛИСТА
60643426,ответил,КЛИЕНТ ОТМЕНИЛ ЗАКАЗ
60640350,посмотрел,КЛИЕНТ ВЫБРАЛ ДРУГОГО СПЕЦИАЛИСТА
60635465,посмотрел,КЛИЕНТ ВЫБРАЛ ДРУГОГО СПЕЦИАЛИСТА
60635000,не читал,ВЫ НАПИСАЛИ КЛИЕНТУ
60634737,посмотрел,КЛИЕНТ ОТМЕНИЛ ЗАКАЗ
60567121,ответил,КЛИЕНТ ОТМЕНИЛ ЗАКАЗ
60629713,посмотрел,ВЫ НАПИСАЛИ КЛИЕНТУ
60626009,не читал,КЛИЕНТ ВЫБРАЛ ДРУГОГО СПЕЦИАЛИСТА
60620458,посмотрел,ВЫ НАПИСАЛИ КЛИЕНТУ
60619358,не читал,КЛИЕНТ ОТМЕНИЛ ЗАКАЗ
60619265,посмотрел,КЛИЕНТ ОТМЕНИЛ ЗАКАЗ
60617192,посмотрел,КЛИЕНТ ОТМЕНИЛ ЗАКАЗ
60614295,посмотрел,КЛИЕНТ ОТМЕНИЛ ЗАКАЗ
60608244,посмотрел,КЛИЕНТ ВЫБРАЛ ДРУГОГО СПЕЦИАЛИСТА
60602737,посмотрел,КЛИЕНТ ОТМЕНИЛ ЗАКАЗ
60552824,посмотрел,КЛИЕНТ ОТМЕНИЛ ЗАКАЗ
60598234,посмотрел,КЛИЕНТ ВЫБРАЛ ДРУГОГО СПЕЦИАЛИСТА
60596739,посмотрел,КЛИЕНТ ВЫБРАЛ ДРУГОГО СПЕЦИАЛИСТА
60596034,посмотрел,КЛИЕНТ ОТМЕНИЛ ЗАКАЗ
60593020,посмотрел,КЛИЕНТ ОТМЕНИЛ ЗАКАЗ
60588863,не читал,КЛИЕНТ ОТМЕНИЛ ЗАКАЗ
60587995,ответил,ВЫ НАПИСАЛИ КЛИЕНТУ
60585641,посмотрел,КЛИЕНТ ОТМЕНИЛ ЗАКАЗ
60581433,не читал,КЛИЕНТ ОТМЕНИЛ ЗАКАЗ
60577961,ответил,КЛИЕНТ ВЫБРАЛ ДРУГОГО СПЕЦИАЛИСТА
60577152,посмотрел,КЛИЕНТ ВЫБРАЛ ДРУГОГО СПЕЦИАЛИСТА
60576602,не читал,КЛИЕНТ ОТМЕНИЛ ЗАКАЗ
60576120,посмотрел,КЛИЕНТ ОТМЕНИЛ ЗАКАЗ
60575412,посмотрел,КЛИЕНТ ОТМЕНИЛ ЗАКАЗ
60570719,посмотрел,КЛИЕНТ ОТМЕНИЛ ЗАКАЗ
60568735,посмотрел,ВЫ НАПИСАЛИ КЛИЕНТУ
60568291,посмотрел,ВЫ НАПИСАЛИ КЛИЕНТУ
60565409,посмотрел,КЛИЕНТ ВЫБРАЛ ДРУГОГО СПЕЦИАЛИСТА
60564496,посмотрел,КЛИЕНТ ВЫБРАЛ ДРУГОГО СПЕЦИАЛИСТА
60543400,посмотрел,КЛИЕНТ ВЫБРАЛ ДРУГОГО СПЕЦИАЛИСТА
60542646,посмотрел,КЛИЕНТ ВЫБРАЛ ДРУГОГО СПЕЦИАЛИСТА
60541109,посмотрел,КЛИЕНТ ВЫБРАЛ ДРУГОГО СПЕЦИАЛИСТА
60540889,посмотрел,КЛИЕНТ ВЫБРАЛ ДРУГОГО СПЕЦИАЛИСТА
60539831,посмотрел,ВЫ НАПИСАЛИ КЛИЕНТУ
60534861,посмотрел,КЛИЕНТ ВЫБРАЛ ДРУГОГО СПЕЦИАЛИСТА
60531627,не читал,КЛИЕНТ ОТМЕНИЛ ЗАКАЗ
60529706,не читал,ВЫ НАПИСАЛИ КЛИЕНТУ
60530959,посмотрел,ВЫ НАПИСАЛИ КЛИЕНТУ
60530808,посмотрел,КЛИЕНТ ВЫБРАЛ ДРУГОГО СПЕЦИАЛИСТА
60530268,посмотрел,КЛИЕНТ ОТМЕНИЛ ЗАКАЗ
60523298,посмотрел,КЛИЕНТ ВЫБРАЛ ДРУГОГО СПЕЦИАЛИСТА
60465325,ответил,ВЫ НАПИСАЛИ КЛИЕНТУ
60519091,посмотрел,КЛИЕНТ ВЫБРАЛ ДРУГОГО СПЕЦИАЛИСТА
60517033,посмотрел,КЛИЕНТ ВЫБРАЛ ДРУГОГО СПЕЦИАЛИСТА
60510953,не читал,КЛИЕНТ ВЫБРАЛ ДРУГОГО СПЕЦИАЛИСТА
60507863,посмотрел,ВЫ НАПИСАЛИ КЛИЕНТУ
60501417,посмотрел,КЛИЕНТ ОТМЕНИЛ ЗАКАЗ
60501330,посмотрел,КЛИЕНТ ВЫБРАЛ ДРУГОГО СПЕЦИАЛИСТА
60499734,не читал,КЛИЕНТ ВЫБРАЛ ДРУГОГО СПЕЦИАЛИСТА
60496885,посмотрел,КЛИЕНТ ВЫБРАЛ ДРУГОГО СПЕЦИАЛИСТА
60363354,посмотрел,КЛИЕНТ ВЫБРАЛ ДРУГОГО СПЕЦИАЛИСТА
60485510,посмотрел,ВЫ НАПИСАЛИ КЛИЕНТУ
60494791,посмотрел,ВЫ НАПИСАЛИ КЛИЕНТУ
60494032,не читал,КЛИЕНТ ВЫБРАЛ ДРУГОГО СПЕЦИАЛИСТА
60493698,не читал,КЛИЕНТ ВЫБРАЛ ДРУГОГО СПЕЦИАЛИСТА
60493349,посмотрел,КЛИЕНТ ОТМЕНИЛ ЗАКАЗ
60491722,посмотрел,КЛИЕНТ ОТМЕНИЛ ЗАКАЗ
60489384,посмотрел,КЛИЕНТ ВЫБРАЛ ДРУГОГО СПЕЦИАЛИСТА
60488726,посмотрел,КЛИЕНТ ВЫБРАЛ ДРУГОГО СПЕЦИАЛИСТА
60488495,посмотрел,КЛИЕНТ ОТМЕНИЛ ЗАКАЗ
59474532,посмотрел,КЛИЕНТ ВЫБРАЛ ДРУГОГО СПЕЦИАЛИСТА
60487276,посмотрел,ВЫ НАПИСАЛИ КЛИЕНТУ
60486007,посмотрел,ВЫ НАПИСАЛИ КЛИЕНТУ
60485477,посмотрел,ВЫ НАПИСАЛИ КЛИЕНТУ
60485193,посмотрел,ВЫ НАПИСАЛИ КЛИЕНТУ
60481128,не читал,КЛИЕНТ ВЫБРАЛ ДРУГОГО СПЕЦИАЛИСТА
60480997,не читал,ВЫ НАПИСАЛИ КЛИЕНТУ
60424560,посмотрел,ВЫ НАПИСАЛИ КЛИЕНТУ
60479732,посмотрел,ВЫ НАПИСАЛИ КЛИЕНТУ
60478460,посмотрел,КЛИЕНТ ВЫБРАЛ ДРУГОГО СПЕЦИАЛИСТА
60477447,посмотрел,КЛИЕНТ ВЫБРАЛ ДРУГОГО СПЕЦИАЛИСТА
60471805,посмотрел,КЛИЕНТ ВЫБРАЛ ДРУГОГО СПЕЦИАЛИСТА
60470485,посмотрел,КЛИЕНТ ВЫБРАЛ ДРУГОГО СПЕЦИАЛИСТА
60470112,посмотрел,КЛИЕНТ ВЫБРАЛ ДРУГОГО СПЕЦИАЛИСТА
60456067,посмотрел,КЛИЕНТ ВЫБРАЛ ДРУГОГО СПЕЦИАЛИСТА
60454655,ответил,ВЫ НАПИСАЛИ КЛИЕНТУ
60453240,не читал,КЛИЕНТ ОТМЕНИЛ ЗАКАЗ
60451988,посмотрел,КЛИЕНТ ОТМЕНИЛ ЗАКАЗ
60451931,посмотрел,КЛИЕНТ ОТМЕНИЛ ЗАКАЗ
60448327,посмотрел,КЛИЕНТ ВЫБРАЛ ДРУГОГО СПЕЦИАЛИСТА
60447294,не читал,КЛИЕНТ ВЫБРАЛ ДРУГОГО СПЕЦИАЛИСТА
60446433,посмотрел,КЛИЕНТ ВЫБРАЛ ДРУГОГО СПЕЦИАЛИСТА
60440420,не читал,КЛИЕНТ ВЫБРАЛ ДРУГОГО СПЕЦИАЛИСТА
60439695,посмотрел,КЛИЕНТ ОТМЕНИЛ ЗАКАЗ
60439642,посмотрел,КЛИЕНТ ВЫБРАЛ ДРУГОГО СПЕЦИАЛИСТА
60437331,посмотрел,КЛИЕНТ ОТМЕНИЛ ЗАКАЗ
60437038,посмотрел,КЛИЕНТ ОТМЕНИЛ ЗАКАЗ
60437020,посмотрел,КЛИЕНТ ОТМЕНИЛ ЗАКАЗ
60432635,посмотрел,КЛИЕНТ ВЫБРАЛ ДРУГОГО СПЕЦИАЛИСТА
60428663,посмотрел,КЛИЕНТ ОТМЕНИЛ ЗАКАЗ
60413048,посмотрел,КЛИЕНТ ОТМЕНИЛ ЗАКАЗ
60412760,посмотрел,КЛИЕНТ ВЫБРАЛ ДРУГОГО СПЕЦИАЛИСТА
60381844,посмотрел,КЛИЕНТ ОТМЕНИЛ ЗАКАЗ
60381413,не читал,КЛИЕНТ ОТМЕНИЛ ЗАКАЗ
60290932,посмотрел,КЛИЕНТ ОТМЕНИЛ ЗАКАЗ
60373870,посмотрел,КЛИЕНТ ВЫБРАЛ ДРУГОГО СПЕЦИАЛИСТА
60227889,посмотрел,ВЫ НАПИСАЛИ КЛИЕНТУ
60370130,посмотрел,КЛИЕНТ ВЫБРАЛ ДРУГОГО СПЕЦИАЛИСТА
60368235,посмотрел,КЛИЕНТ ОТМЕНИЛ ЗАКАЗ
60366337,посмотрел,КЛИЕНТ ВЫБРАЛ ДРУГОГО СПЕЦИАЛИСТА
60349620,посмотрел,КЛИЕНТ ОТМЕНИЛ ЗАКАЗ
60290893,посмотрел,КЛИЕНТ ВЫБРАЛ ДРУГОГО СПЕЦИАЛИСТА
60347761,посмотрел,КЛИЕНТ ОТМЕНИЛ ЗАКАЗ
60360393,посмотрел,КЛИЕНТ ВЫБРАЛ ДРУГОГО СПЕЦИАЛИСТА
60360391,посмотрел,КЛИЕНТ ВЫБРАЛ ДРУГОГО СПЕЦИАЛИСТА
60359480,посмотрел,КЛИЕНТ ВЫБРАЛ ДРУГОГО СПЕЦИАЛИСТА
60356668,посмотрел,КЛИЕНТ ВЫБРАЛ ДРУГОГО СПЕЦИАЛИСТА
60354526,посмотрел,ВЫ НАПИСАЛИ КЛИЕНТУ
60330652,не читал,КЛИЕНТ ВЫБРАЛ ДРУГОГО СПЕЦИАЛИСТА
60349063,посмотрел,КЛИЕНТ ВЫБРАЛ ДРУГОГО СПЕЦИАЛИСТА
60336635,ответил,КЛИЕНТ ВЫБРАЛ ДРУГОГО СПЕЦИАЛИСТА
60183051,ответил,КЛИЕНТ ОТМЕНИЛ ЗАКАЗ
60333250,посмотрел,ВЫ НАПИСАЛИ КЛИЕНТУ
60300829,не читал,КЛИЕНТ ОТМЕНИЛ ЗАКАЗ
60325197,посмотрел,ВЫ НАПИСАЛИ КЛИЕНТУ
60290696,посмотрел,КЛИЕНТ ВЫБРАЛ ДРУГОГО СПЕЦИАЛИСТА
60167268,посмотрел,КЛИЕНТ ВЫБРАЛ ДРУГОГО СПЕЦИАЛИСТА
60315367,посмотрел,КЛИЕНТ ВЫБРАЛ ДРУГОГО СПЕЦИАЛИСТА
60307696,посмотрел,КЛИЕНТ ОТМЕНИЛ ЗАКАЗ
60312857,посмотрел,КЛИЕНТ ВЫБРАЛ ДРУГОГО СПЕЦИАЛИСТА
60312721,посмотрел,КЛИЕНТ ВЫБРАЛ ДРУГОГО СПЕЦИАЛИСТА
60312455,посмотрел,КЛИЕНТ ВЫБРАЛ ДРУГОГО СПЕЦИАЛИСТА
60269815,посмотрел,ВЫ НАПИСАЛИ КЛИЕНТУ
60312259,посмотрел,КЛИЕНТ ВЫБРАЛ ДРУГОГО СПЕЦИАЛИСТА
60312061,не читал,КЛИЕНТ ВЫБРАЛ ДРУГОГО СПЕЦИАЛИСТА
60311722,посмотрел,ВЫ НАПИСАЛИ КЛИЕНТУ
60298697,посмотрел,ВЫ НАПИСАЛИ КЛИЕНТУ
60309910,посмотрел,КЛИЕНТ ОТМЕНИЛ ЗАКАЗ
60292555,посмотрел,КЛИЕНТ ВЫБРАЛ ДРУГОГО СПЕЦИАЛИСТА
60292539,посмотрел,ВЫ НАПИСАЛИ КЛИЕНТУ
60291779,не читал,КЛИЕНТ ВЫБРАЛ ДРУГОГО СПЕЦИАЛИСТА
60287227,посмотрел,ВЫ НАПИСАЛИ КЛИЕНТУ
60286649,не читал,КЛИЕНТ ОТМЕНИЛ ЗАКАЗ
60283536,не читал,КЛИЕНТ ОТМЕНИЛ ЗАКАЗ
60283295,посмотрел,КЛИЕНТ ОТМЕНИЛ ЗАКАЗ
60283013,посмотрел,КЛИЕНТ ОТМЕНИЛ ЗАКАЗ
60281472,посмотрел,ВЫ НАПИСАЛИ КЛИЕНТУ
60281191,посмотрел,КЛИЕНТ ВЫБРАЛ ДРУГОГО СПЕЦИАЛИСТА
60281009,посмотрел,КЛИЕНТ ОТМЕНИЛ ЗАКАЗ
60280535,посмотрел,КЛИЕНТ ОТМЕНИЛ ЗАКАЗ
60280306,посмотрел,КЛИЕНТ ВЫБРАЛ ДРУГОГО СПЕЦИАЛИСТА
59166664,посмотрел,ВЫ НАПИСАЛИ КЛИЕНТУ
60278818,посмотрел,КЛИЕНТ ВЫБРАЛ ДРУГОГО СПЕЦИАЛИСТА
60274284,посмотрел,КЛИЕНТ ВЫБРАЛ ДРУГОГО СПЕЦИАЛИСТА
60277673,посмотрел,КЛИЕНТ ВЫБРАЛ ДРУГОГО СПЕЦИАЛИСТА
60274851,посмотрел,КЛИЕНТ ВЫБРАЛ ДРУГОГО СПЕЦИАЛИСТА
60268719,ответил,ВЫ НАПИСАЛИ КЛИЕНТУ
60268669,ответил,КЛИЕНТ ОТМЕНИЛ ЗАКАЗ
60268302,посмотрел,КЛИЕНТ ВЫБРАЛ ДРУГОГО СПЕЦИАЛИСТА
60105604,посмотрел,КЛИЕНТ ВЫБРАЛ ДРУГОГО СПЕЦИАЛИСТА
60264348,посмотрел,КЛИЕНТ ОТМЕНИЛ ЗАКАЗ
60263671,посмотрел,КЛИЕНТ ВЫБРАЛ ДРУГОГО СПЕЦИАЛИСТА
60263417,не читал,КЛИЕНТ ОТМЕНИЛ ЗАКАЗ
60263003,посмотрел,КЛИЕНТ ОТМЕНИЛ ЗАКАЗ
60262970,посмотрел,КЛИЕНТ ВЫБРАЛ ДРУГОГО СПЕЦИАЛИСТА
60262655,не читал,КЛИЕНТ ВЫБРАЛ ДРУГОГО СПЕЦИАЛИСТА
60260117,не читал,ВЫ НАПИСАЛИ КЛИЕНТУ
60257710,посмотрел,ВЫ НАПИСАЛИ КЛИЕНТУ
60254440,не читал,КЛИЕНТ ВЫБРАЛ ДРУГОГО СПЕЦИАЛИСТА
60251593,ответил,КЛИЕНТ ВЫБРАЛ ДРУГОГО СПЕЦИАЛИСТА
60253218,не читал,КЛИЕНТ ВЫБРАЛ ДРУГОГО СПЕЦИАЛИСТА
60252567,посмотрел,КЛИЕНТ ВЫБРАЛ ДРУГОГО СПЕЦИАЛИСТА
60252059,посмотрел,КЛИЕНТ ОТМЕНИЛ ЗАКАЗ
60249617,посмотрел,КЛИЕНТ ВЫБРАЛ ДРУГОГО СПЕЦИАЛИСТА
60249400,посмотрел,КЛИЕНТ ВЫБРАЛ ДРУГОГО СПЕЦИАЛИСТА
60249296,посмотрел,КЛИЕНТ ВЫБРАЛ ДРУГОГО СПЕЦИАЛИСТА
60247637,посмотрел,КЛИЕНТ ВЫБРАЛ ДРУГОГО СПЕЦИАЛИСТА
60242943,ответил,КЛИЕНТ ВЫБРАЛ ДРУГОГО СПЕЦИАЛИСТА
60242693,посмотрел,КЛИЕНТ ОТМЕНИЛ ЗАКАЗ
60122509,посмотрел,ВЫ НАПИСАЛИ КЛИЕНТУ
60237766,посмотрел,КЛИЕНТ ВЫБРАЛ ДРУГОГО СПЕЦИАЛИСТА
60236155,посмотрел,КЛИЕНТ ОТМЕНИЛ ЗАКАЗ
60228717,посмотрел,КЛИЕНТ ОТМЕНИЛ ЗАКАЗ
60226761,посмотрел,КЛИЕНТ ВЫБРАЛ ДРУГОГО СПЕЦИАЛИСТА
60225335,посмотрел,КЛИЕНТ ОТМЕНИЛ ЗАКАЗ
60181830,ответил,КЛИЕНТ ОТМЕНИЛ ЗАКАЗ
60215041,не читал,КЛИЕНТ ВЫБРАЛ ДРУГОГО СПЕЦИАЛИСТА
60213114,посмотрел,КЛИЕНТ ВЫБРАЛ ДРУГОГО СПЕЦИАЛИСТА
60214569,посмотрел,ВЫ НАПИСАЛИ КЛИЕНТУ
60214410,посмотрел,КЛИЕНТ ОТМЕНИЛ ЗАКАЗ
60213136,посмотрел,КЛИЕНТ ОТМЕНИЛ ЗАКАЗ
60209515,посмотрел,КЛИЕНТ ВЫБРАЛ ДРУГОГО СПЕЦИАЛИСТА
60208700,посмотрел,КЛИЕНТ ОТМЕНИЛ ЗАКАЗ
60207050,посмотрел,КЛИЕНТ ВЫБРАЛ ДРУГОГО СПЕЦИАЛИСТА
60200179,не читал,КЛИЕНТ ВЫБРАЛ ДРУГОГО СПЕЦИАЛИСТА
60200259,не читал,КЛИЕНТ ОТМЕНИЛ ЗАКАЗ
60197614,посмотрел,КЛИЕНТ ВЫБРАЛ ДРУГОГО СПЕЦИАЛИСТА
60198279,посмотрел,КЛИЕНТ ВЫБРАЛ ДРУГОГО СПЕЦИАЛИСТА
60198043,посмотрел,КЛИЕНТ ВЫБРАЛ ДРУГОГО СПЕЦИАЛИСТА
60195664,не читал,КЛИЕНТ ВЫБРАЛ ДРУГОГО СПЕЦИАЛИСТА
60195037,посмотрел,КЛИЕНТ ОТМЕНИЛ ЗАКАЗ
60192294,посмотрел,КЛИЕНТ ВЫБРАЛ ДРУГОГО СПЕЦИАЛИСТА
60190344,посмотрел,КЛИЕНТ ОТМЕНИЛ ЗАКАЗ
60190073,посмотрел,КЛИЕНТ ВЫБРАЛ ДРУГОГО СПЕЦИАЛИСТА
60185825,посмотрел,ВЫ НАПИСАЛИ КЛИЕНТУ
60185383,посмотрел,КЛИЕНТ ВЫБРАЛ ДРУГОГО СПЕЦИАЛИСТА
60184519,посмотрел,КЛИЕНТ ОТМЕНИЛ ЗАКАЗ
60184638,посмотрел,КЛИЕНТ ВЫБРАЛ ДРУГОГО СПЕЦИАЛИСТА
60184440,посмотрел,КЛИЕНТ ВЫБРАЛ ДРУГОГО СПЕЦИАЛИСТА
60183802,не читал,КЛИЕНТ ВЫБРАЛ ДРУГОГО СПЕЦИАЛИСТА
60181435,посмотрел,КЛИЕНТ ОТМЕНИЛ ЗАКАЗ
60181721,посмотрел,КЛИЕНТ ОТМЕНИЛ ЗАКАЗ
60177931,посмотрел,КЛИЕНТ ВЫБРАЛ ДРУГОГО СПЕЦИАЛИСТА
60176207,не читал,КЛИЕНТ ВЫБРАЛ ДРУГОГО СПЕЦИАЛИСТА
60170607,посмотрел,ВЫ НАПИСАЛИ КЛИЕНТУ
60169853,посмотрел,КЛИЕНТ ВЫБРАЛ ДРУГОГО СПЕЦИАЛИСТА
60167148,посмотрел,КЛИЕНТ ВЫБРАЛ ДРУГОГО СПЕЦИАЛИСТА
60161036,посмотрел,КЛИЕНТ ВЫБРАЛ ДРУГОГО СПЕЦИАЛИСТА
60141526,посмотрел,КЛИЕНТ ВЫБРАЛ ДРУГОГО СПЕЦИАЛИСТА
60158823,посмотрел,КЛИЕНТ ОТМЕНИЛ ЗАКАЗ
60157194,посмотрел,КЛИЕНТ ОТМЕНИЛ ЗАКАЗ
60154784,посмотрел,КЛИЕНТ ОТМЕНИЛ ЗАКАЗ
60149662,посмотрел,КЛИЕНТ ВЫБРАЛ ДРУГОГО СПЕЦИАЛИСТА
60122445,посмотрел,КЛИЕНТ ОТМЕНИЛ ЗАКАЗ
60149223,посмотрел,КЛИЕНТ ВЫБРАЛ ДРУГОГО СПЕЦИАЛИСТА
60147472,посмотрел,КЛИЕНТ ВЫБРАЛ ДРУГОГО СПЕЦИАЛИСТА
60147356,не читал,КЛИЕНТ ОТМЕНИЛ ЗАКАЗ
60116833,посмотрел,КЛИЕНТ ВЫБРАЛ ДРУГОГО СПЕЦИАЛИСТА
60138718,посмотрел,ВЫ НАПИСАЛИ КЛИЕНТУ
60138309,не читал,КЛИЕНТ ОТМЕНИЛ ЗАКАЗ
60041205,посмотрел,КЛИЕНТ ВЫБРАЛ ДРУГОГО СПЕЦИАЛИСТА
60124017,посмотрел,КЛИЕНТ ОТМЕНИЛ ЗАКАЗ
60125103,посмотрел,КЛИЕНТ ОТМЕНИЛ ЗАКАЗ
60124207,посмотрел,КЛИЕНТ ВЫБРАЛ ДРУГОГО СПЕЦИАЛИСТА
60123144,посмотрел,КЛИЕНТ ВЫБРАЛ ДРУГОГО СПЕЦИАЛИСТА
60123176,посмотрел,КЛИЕНТ ВЫБРАЛ ДРУГОГО СПЕЦИАЛИСТА
59867523,ответил,ВЫ НАПИСАЛИ КЛИЕНТУ
60120201,посмотрел,КЛИЕНТ ВЫБРАЛ ДРУГОГО СПЕЦИАЛИСТА
60113417,посмотрел,КЛИЕНТ ОТМЕНИЛ ЗАКАЗ
60112697,посмотрел,КЛИЕНТ ОТМЕНИЛ ЗАКАЗ
60063575,посмотрел,ВЫ НАПИСАЛИ КЛИЕНТУ
60108378,посмотрел,КЛИЕНТ ВЫБРАЛ ДРУГОГО СПЕЦИАЛИСТА
60108230,посмотрел,КЛИЕНТ ОТМЕНИЛ ЗАКАЗ
60069176,посмотрел,ВЫ НАПИСАЛИ КЛИЕНТУ
60107364,не читал,КЛИЕНТ ВЫБРАЛ ДРУГОГО СПЕЦИАЛИСТА
60104370,посмотрел,КЛИЕНТ ВЫБРАЛ ДРУГОГО СПЕЦИАЛИСТА
60106508,посмотрел,КЛИЕНТ ВЫБРАЛ ДРУГОГО СПЕЦИАЛИСТА
60103813,посмотрел,КЛИЕНТ ВЫБРАЛ ДРУГОГО СПЕЦИАЛИСТА
60103224,посмотрел,ВЫ НАПИСАЛИ КЛИЕНТУ
60102644,посмотрел,КЛИЕНТ ВЫБРАЛ ДРУГОГО СПЕЦИАЛИСТА
60098280,посмотрел,КЛИЕНТ ВЫБРАЛ ДРУГОГО СПЕЦИАЛИСТА
60096267,не читал,КЛИЕНТ ВЫБРАЛ ДРУГОГО СПЕЦИАЛИСТА
60039369,посмотрел,КЛИЕНТ ВЫБРАЛ ДРУГОГО СПЕЦИАЛИСТА
60093628,посмотрел,КЛИЕНТ ВЫБРАЛ ДРУГОГО СПЕЦИАЛИСТА
60089025,посмотрел,КЛИЕНТ ВЫБРАЛ ДРУГОГО СПЕЦИАЛИСТА
60088538,не читал,КЛИЕНТ ОТМЕНИЛ ЗАКАЗ
60075164,посмотрел,ВЫ НАПИСАЛИ КЛИЕНТУ
60078137,посмотрел,КЛИЕНТ ВЫБРАЛ ДРУГОГО СПЕЦИАЛИСТА
60077905,посмотрел,КЛИЕНТ ВЫБРАЛ ДРУГОГО СПЕЦИАЛИСТА
60075924,посмотрел,КЛИЕНТ ВЫБРАЛ ДРУГОГО СПЕЦИАЛИСТА
60075358,посмотрел,КЛИЕНТ ОТМЕНИЛ ЗАКАЗ
60074612,посмотрел,КЛИЕНТ ВЫБРАЛ ДРУГОГО СПЕЦИАЛИСТА
60071660,посмотрел,КЛИЕНТ ВЫБРАЛ ДРУГОГО СПЕЦИАЛИСТА
59985391,посмотрел,ВЫ НАПИСАЛИ КЛИЕНТУ
60058781,посмотрел,ВЫ НАПИСАЛИ КЛИЕНТУ
60057329,посмотрел,ВЫ НАПИСАЛИ КЛИЕНТУ
60053276,посмотрел,КЛИЕНТ ОТМЕНИЛ ЗАКАЗ
60053463,не читал,КЛИЕНТ ОТМЕНИЛ ЗАКАЗ
60039061,посмотрел,КЛИЕНТ ОТМЕНИЛ ЗАКАЗ
60050979,посмотрел,ВЫ НАПИСАЛИ КЛИЕНТУ
60051001,посмотрел,ВЫ НАПИСАЛИ КЛИЕНТУ
60050288,посмотрел,КЛИЕНТ ВЫБРАЛ ДРУГОГО СПЕЦИАЛИСТА
60047611,посмотрел,КЛИЕНТ ВЫБРАЛ ДРУГОГО СПЕЦИАЛИСТА
60047452,не читал,КЛИЕНТ ОТМЕНИЛ ЗАКАЗ
60046623,не читал,КЛИЕНТ ВЫБРАЛ ДРУГОГО СПЕЦИАЛИСТА
60044320,посмотрел,КЛИЕНТ ОТМЕНИЛ ЗАКАЗ
60042605,не читал,КЛИЕНТ ОТМЕНИЛ ЗАКАЗ
60042533,не читал,КЛИЕНТ ВЫБРАЛ ДРУГОГО СПЕЦИАЛИСТА
59980512,посмотрел,КЛИЕНТ ВЫБРАЛ ДРУГОГО СПЕЦИАЛИСТА
60039798,посмотрел,КЛИЕНТ ВЫБРАЛ ДРУГОГО СПЕЦИАЛИСТА
60037278,не читал,КЛИЕНТ ОТМЕНИЛ ЗАКАЗ
60034266,посмотрел,ВЫ НАПИСАЛИ КЛИЕНТУ
60033787,посмотрел,КЛИЕНТ ОТМЕНИЛ ЗАКАЗ
60029914,посмотрел,КЛИЕНТ ОТМЕНИЛ ЗАКАЗ
60029140,не читал,КЛИЕНТ ОТМЕНИЛ ЗАКАЗ
60028412,посмотрел,ВЫ НАПИСАЛИ КЛИЕНТУ
60027422,посмотрел,КЛИЕНТ ВЫБРАЛ ДРУГОГО СПЕЦИАЛИСТА
59819555,посмотрел,КЛИЕНТ ВЫБРАЛ ДРУГОГО СПЕЦИАЛИСТА
60025046,посмотрел,КЛИЕНТ ВЫБРАЛ ДРУГОГО СПЕЦИАЛИСТА
60024031,не читал,КЛИЕНТ ОТМЕНИЛ ЗАКАЗ
60023270,посмотрел,КЛИЕНТ ВЫБРАЛ ДРУГОГО СПЕЦИАЛИСТА
60008904,ответил,ВЫ НАПИСАЛИ КЛИЕНТУ
60021865,не читал,КЛИЕНТ ВЫБРАЛ ДРУГОГО СПЕЦИАЛИСТА
59966106,посмотрел,КЛИЕНТ ВЫБРАЛ ДРУГОГО СПЕЦИАЛИСТА
60019221,не читал,КЛИЕНТ ОТМЕНИЛ ЗАКАЗ
60015991,посмотрел,КЛИЕНТ ОТМЕНИЛ ЗАКАЗ
59950004,посмотрел,КЛИЕНТ ВЫБРАЛ ДРУГОГО СПЕЦИАЛИСТА
60014505,не читал,КЛИЕНТ ВЫБРАЛ ДРУГОГО СПЕЦИАЛИСТА
60015291,посмотрел,КЛИЕНТ ВЫБРАЛ ДРУГОГО СПЕЦИАЛИСТА
60014415,посмотрел,КЛИЕНТ ОТМЕНИЛ ЗАКАЗ
60013962,не читал,КЛИЕНТ ОТМЕНИЛ ЗАКАЗ
60012502,посмотрел,КЛИЕНТ ВЫБРАЛ ДРУГОГО СПЕЦИАЛИСТА
60011022,посмотрел,КЛИЕНТ ОТМЕНИЛ ЗАКАЗ
59717716,не читал,КЛИЕНТ ОТМЕНИЛ ЗАКАЗ
60009395,посмотрел,КЛИЕНТ ВЫБРАЛ ДРУГОГО СПЕЦИАЛИСТА
60009081,посмотрел,ВЫ НАПИСАЛИ КЛИЕНТУ
60008538,не читал,КЛИЕНТ ОТМЕНИЛ ЗАКАЗ
60007966,посмотрел,ВЫ НАПИСАЛИ КЛИЕНТУ
60007469,посмотрел,КЛИЕНТ ВЫБРАЛ ДРУГОГО СПЕЦИАЛИСТА
60007396,не читал,КЛИЕНТ ОТМЕНИЛ ЗАКАЗ
60005498,посмотрел,КЛИЕНТ ВЫБРАЛ ДРУГОГО СПЕЦИАЛИСТА
60003767,не читал,ВЫ НАПИСАЛИ КЛИЕНТУ
59999567,посмотрел,КЛИЕНТ ВЫБРАЛ ДРУГОГО СПЕЦИАЛИСТА
59999398,не читал,КЛИЕНТ ОТМЕНИЛ ЗАКАЗ
59998990,не читал,КЛИЕНТ ОТМЕНИЛ ЗАКАЗ
59997473,посмотрел,ВЫ НАПИСАЛИ КЛИЕНТУ
59998467,посмотрел,КЛИЕНТ ВЫБРАЛ ДРУГОГО СПЕЦИАЛИСТА
59996292,посмотрел,ВЫ НАПИСАЛИ КЛИЕНТУ
59995785,не читал,КЛИЕНТ ОТМЕНИЛ ЗАКАЗ
59992509,посмотрел,КЛИЕНТ ОТМЕНИЛ ЗАКАЗ
59992107,посмотрел,КЛИЕНТ ОТМЕНИЛ ЗАКАЗ
59991296,не читал,КЛИЕНТ ОТМЕНИЛ ЗАКАЗ
59990067,не читал,ВЫ НАПИСАЛИ КЛИЕНТУ
59987520,посмотрел,КЛИЕНТ ОТМЕНИЛ ЗАКАЗ
59986918,не читал,КЛИЕНТ ВЫБРАЛ ДРУГОГО СПЕЦИАЛИСТА
59985857,посмотрел,ВЫ НАПИСАЛИ КЛИЕНТУ
59984213,не читал,ВЫ НАПИСАЛИ КЛИЕНТУ
59981693,посмотрел,КЛИЕНТ ОТМЕНИЛ ЗАКАЗ
59977036,посмотрел,ВЫ НАПИСАЛИ КЛИЕНТУ
59977335,посмотрел,КЛИЕНТ ВЫБРАЛ ДРУГОГО СПЕЦИАЛИСТА
59941290,посмотрел,КЛИЕНТ ВЫБРАЛ ДРУГОГО СПЕЦИАЛИСТА
59976877,посмотрел,ВЫ НАПИСАЛИ КЛИЕНТУ
59976270,посмотрел,КЛИЕНТ ВЫБРАЛ ДРУГОГО СПЕЦИАЛИСТА
59976196,посмотрел,КЛИЕНТ ОТМЕНИЛ ЗАКАЗ
59975418,посмотрел,КЛИЕНТ ВЫБРАЛ ДРУГОГО СПЕЦИАЛИСТА
59975141,посмотрел,КЛИЕНТ ОТМЕНИЛ ЗАКАЗ
59974747,не читал,КЛИЕНТ ОТМЕНИЛ ЗАКАЗ
59962653,ответил,КЛИЕНТ ОТМЕНИЛ ЗАКАЗ
59967904,посмотрел,КЛИЕНТ ОТМЕНИЛ ЗАКАЗ
59965644,посмотрел,КЛИЕНТ ВЫБРАЛ ДРУГОГО СПЕЦИАЛИСТА
59962688,не читал,КЛИЕНТ ОТМЕНИЛ ЗАКАЗ
59914618,посмотрел,КЛИЕНТ ВЫБРАЛ ДРУГОГО СПЕЦИАЛИСТА
59954305,не читал,ВЫ НАПИСАЛИ КЛИЕНТУ
59954565,посмотрел,КЛИЕНТ ВЫБРАЛ ДРУГОГО СПЕЦИАЛИСТА
59602762,посмотрел,КЛИЕНТ ОТМЕНИЛ ЗАКАЗ
59953002,посмотрел,КЛИЕНТ ОТМЕНИЛ ЗАКАЗ
59904630,посмотрел,КЛИЕНТ ОТМЕНИЛ ЗАКАЗ
59951100,посмотрел,КЛИЕНТ ОТМЕНИЛ ЗАКАЗ
59946720,посмотрел,КЛИЕНТ ВЫБРАЛ ДРУГОГО СПЕЦИАЛИСТА
59946672,посмотрел,КЛИЕНТ ВЫБРАЛ ДРУГОГО СПЕЦИАЛИСТА
59942698,не читал,КЛИЕНТ ОТМЕНИЛ ЗАКАЗ
59942152,посмотрел,КЛИЕНТ ОТМЕНИЛ ЗАКАЗ
59939524,посмотрел,КЛИЕНТ ОТМЕНИЛ ЗАКАЗ
59939457,посмотрел,КЛИЕНТ ВЫБРАЛ ДРУГОГО СПЕЦИАЛИСТА
59936496,посмотрел,ВЫ НАПИСАЛИ КЛИЕНТУ
59935797,посмотрел,КЛИЕНТ ОТМЕНИЛ ЗАКАЗ
59914320,посмотрел,ВЫ НАПИСАЛИ КЛИЕНТУ
59934779,посмотрел,КЛИЕНТ ВЫБРАЛ ДРУГОГО СПЕЦИАЛИСТА
59600239,не читал,КЛИЕНТ ВЫБРАЛ ДРУГОГО СПЕЦИАЛИСТА
59932603,не читал,КЛИЕНТ ВЫБРАЛ ДРУГОГО СПЕЦИАЛИСТА
59931491,не читал,КЛИЕНТ ОТМЕНИЛ ЗАКАЗ
59929299,посмотрел,КЛИЕНТ ВЫБРАЛ ДРУГОГО СПЕЦИАЛИСТА
59925419,посмотрел,КЛИЕНТ ВЫБРАЛ ДРУГОГО СПЕЦИАЛИСТА
59924923,посмотрел,КЛИЕНТ ОТМЕНИЛ ЗАКАЗ
59924005,не читал,КЛИЕНТ ОТМЕНИЛ ЗАКАЗ
59923156,посмотрел,ВЫ НАПИСАЛИ КЛИЕНТУ
59921537,посмотрел,КЛИЕНТ ОТМЕНИЛ ЗАКАЗ
59920838,не читал,КЛИЕНТ ОТМЕНИЛ ЗАКАЗ
59920306,посмотрел,ВЫ НАПИСАЛИ КЛИЕНТУ
59918712,ответил,КЛИЕНТ ОТМЕНИЛ ЗАКАЗ
54995580,посмотрел,КЛИЕНТ ОТМЕНИЛ ЗАКАЗ
59911917,посмотрел,КЛИЕНТ ВЫБРАЛ ДРУГОГО СПЕЦИАЛИСТА
59909725,посмотрел,КЛИЕНТ ВЫБРАЛ ДРУГОГО СПЕЦИАЛИСТА
59907929,не читал,КЛИЕНТ ОТМЕНИЛ ЗАКАЗ
59906788,посмотрел,КЛИЕНТ ОТМЕНИЛ ЗАКАЗ
59906675,посмотрел,КЛИЕНТ ВЫБРАЛ ДРУГОГО СПЕЦИАЛИСТА
59905377,посмотрел,КЛИЕНТ ВЫБРАЛ ДРУГОГО СПЕЦИАЛИСТА
59904470,посмотрел,КЛИЕНТ ОТМЕНИЛ ЗАКАЗ
59902114,не читал,КЛИЕНТ ОТМЕНИЛ ЗАКАЗ
59892642,не читал,КЛИЕНТ ВЫБРАЛ ДРУГОГО СПЕЦИАЛИСТА
59891766,посмотрел,КЛИЕНТ ВЫБРАЛ ДРУГОГО СПЕЦИАЛИСТА
59871112,не читал,КЛИЕНТ ОТМЕНИЛ ЗАКАЗ
59884327,посмотрел,КЛИЕНТ ОТМЕНИЛ ЗАКАЗ
59882896,посмотрел,ВЫ НАПИСАЛИ КЛИЕНТУ
59882619,посмотрел,КЛИЕНТ ОТМЕНИЛ ЗАКАЗ
59883100,посмотрел,КЛИЕНТ ВЫБРАЛ ДРУГОГО СПЕЦИАЛИСТА
59880727,не читал,КЛИЕНТ ВЫБРАЛ ДРУГОГО СПЕЦИАЛИСТА
59880533,посмотрел,КЛИЕНТ ОТМЕНИЛ ЗАКАЗ
59879576,посмотрел,КЛИЕНТ ОТМЕНИЛ ЗАКАЗ
59878562,посмотрел,ВЫ НАПИСАЛИ КЛИЕНТУ
59876941,посмотрел,ВЫ НАПИСАЛИ КЛИЕНТУ
59875778,посмотрел,ВЫ НАПИСАЛИ КЛИЕНТУ
59874920,не читал,КЛИЕНТ ВЫБРАЛ ДРУГОГО СПЕЦИАЛИСТА
59874385,не читал,КЛИЕНТ ВЫБРАЛ ДРУГОГО СПЕЦИАЛИСТА
59872220,посмотрел,КЛИЕНТ ВЫБРАЛ ДРУГОГО СПЕЦИАЛИСТА
59866391,посмотрел,КЛИЕНТ ВЫБРАЛ ДРУГОГО СПЕЦИАЛИСТА
59865697,посмотрел,КЛИЕНТ ВЫБРАЛ ДРУГОГО СПЕЦИАЛИСТА
59863088,не читал,КЛИЕНТ ВЫБРАЛ ДРУГОГО СПЕЦИАЛИСТА
59861544,ответил,КЛИЕНТ ВЫБРАЛ ДРУГОГО СПЕЦИАЛИСТА
59862620,посмотрел,ВЫ НАПИСАЛИ КЛИЕНТУ
59860251,посмотрел,КЛИЕНТ ОТМЕНИЛ ЗАКАЗ
59860363,посмотрел,КЛИЕНТ ОТМЕНИЛ ЗАКАЗ
59859999,посмотрел,КЛИЕНТ ВЫБРАЛ ДРУГОГО СПЕЦИАЛИСТА
59671953,посмотрел,КЛИЕНТ ОТМЕНИЛ ЗАКАЗ
59840654,посмотрел,КЛИЕНТ ВЫБРАЛ ДРУГОГО СПЕЦИАЛИСТА
59840535,посмотрел,КЛИЕНТ ОТМЕНИЛ ЗАКАЗ
59839788,посмотрел,КЛИЕНТ ОТМЕНИЛ ЗАКАЗ
59838941,посмотрел,ВЫ НАПИСАЛИ КЛИЕНТУ
59838449,не читал,КЛИЕНТ ВЫБРАЛ ДРУГОГО СПЕЦИАЛИСТА
59838142,посмотрел,КЛИЕНТ ОТМЕНИЛ ЗАКАЗ
59836344,посмотрел,КЛИЕНТ ОТМЕНИЛ ЗАКАЗ
59835964,не читал,КЛИЕНТ ВЫБРАЛ ДРУГОГО СПЕЦИАЛИСТА
59490981,не читал,КЛИЕНТ ОТМЕНИЛ ЗАКАЗ
59831817,посмотрел,КЛИЕНТ ВЫБРАЛ ДРУГОГО СПЕЦИАЛИСТА
59830970,посмотрел,ВЫ НАПИСАЛИ КЛИЕНТУ
59829241,ответил,КЛИЕНТ ОТМЕНИЛ ЗАКАЗ
59828960,посмотрел,ВЫ НАПИСАЛИ КЛИЕНТУ
59824762,посмотрел,КЛИЕНТ ВЫБРАЛ ДРУГОГО СПЕЦИАЛИСТА
59824039,посмотрел,КЛИЕНТ ОТМЕНИЛ ЗАКАЗ
59821625,посмотрел,КЛИЕНТ ОТМЕНИЛ ЗАКАЗ
59820071,посмотрел,КЛИЕНТ ВЫБРАЛ ДРУГОГО СПЕЦИАЛИСТА
59819246,посмотрел,КЛИЕНТ ВЫБРАЛ ДРУГОГО СПЕЦИАЛИСТА
59818358,посмотрел,КЛИЕНТ ВЫБРАЛ ДРУГОГО СПЕЦИАЛИСТА
59810015,ответил,КЛИЕНТ ВЫБРАЛ ДРУГОГО СПЕЦИАЛИСТА
59798886,посмотрел,КЛИЕНТ ОТМЕНИЛ ЗАКАЗ
59796897,посмотрел,ВЫ НАПИСАЛИ КЛИЕНТУ
59792931,посмотрел,КЛИЕНТ ВЫБРАЛ ДРУГОГО СПЕЦИАЛИСТА
59793253,посмотрел,КЛИЕНТ ОТМЕНИЛ ЗАКАЗ
59743068,посмотрел,ВЫ НАПИСАЛИ КЛИЕНТУ
59790309,посмотрел,КЛИЕНТ ВЫБРАЛ ДРУГОГО СПЕЦИАЛИСТА
59790131,посмотрел,КЛИЕНТ ВЫБРАЛ ДРУГОГО СПЕЦИАЛИСТА
59790028,не читал,КЛИЕНТ ВЫБРАЛ ДРУГОГО СПЕЦИАЛИСТА
59788760,посмотрел,КЛИЕНТ ВЫБРАЛ ДРУГОГО СПЕЦИАЛИСТА
59786415,посмотрел,КЛИЕНТ ОТМЕНИЛ ЗАКАЗ
59785084,посмотрел,КЛИЕНТ ВЫБРАЛ ДРУГОГО СПЕЦИАЛИСТА
59775851,не читал,ВЫ НАПИСАЛИ КЛИЕНТУ
59783851,не читал,КЛИЕНТ ОТМЕНИЛ ЗАКАЗ
59782266,посмотрел,КЛИЕНТ ВЫБРАЛ ДРУГОГО СПЕЦИАЛИСТА
59782171,посмотрел,КЛИЕНТ ВЫБРАЛ ДРУГОГО СПЕЦИАЛИСТА
59779566,посмотрел,КЛИЕНТ ВЫБРАЛ ДРУГОГО СПЕЦИАЛИСТА
59768790,посмотрел,КЛИЕНТ ВЫБРАЛ ДРУГОГО СПЕЦИАЛИСТА
59764817,не читал,КЛИЕНТ ОТМЕНИЛ ЗАКАЗ
59763715,посмотрел,КЛИЕНТ ВЫБРАЛ ДРУГОГО СПЕЦИАЛИСТА
59763227,посмотрел,КЛИЕНТ ВЫБРАЛ ДРУГОГО СПЕЦИАЛИСТА
59762501,посмотрел,ВЫ НАПИСАЛИ КЛИЕНТУ
54357407,не читал,КЛИЕНТ ОТМЕНИЛ ЗАКАЗ
59761857,посмотрел,ВЫ НАПИСАЛИ КЛИЕНТУ
59081218,посмотрел,ВЫ НАПИСАЛИ КЛИЕНТУ
59757934,посмотрел,КЛИЕНТ ВЫБРАЛ ДРУГОГО СПЕЦИАЛИСТА
59757317,посмотрел,КЛИЕНТ ВЫБРАЛ ДРУГОГО СПЕЦИАЛИСТА
59633941,посмотрел,КЛИЕНТ ВЫБРАЛ ДРУГОГО СПЕЦИАЛИСТА
59756053,посмотрел,КЛИЕНТ ВЫБРАЛ ДРУГОГО СПЕЦИАЛИСТА
59754372,посмотрел,КЛИЕНТ ВЫБРАЛ ДРУГОГО СПЕЦИАЛИСТА
59753268,не читал,КЛИЕНТ ВЫБРАЛ ДРУГОГО СПЕЦИАЛИСТА
59753266,посмотрел,ВЫ НАПИСАЛИ КЛИЕНТУ
59752522,не читал,КЛИЕНТ ОТМЕНИЛ ЗАКАЗ
59751369,посмотрел,ВЫ НАПИСАЛИ КЛИЕНТУ
59749065,не читал,ВЫ НАПИСАЛИ КЛИЕНТУ
59742349,посмотрел,КЛИЕНТ ВЫБРАЛ ДРУГОГО СПЕЦИАЛИСТА
59741642,не читал,КЛИЕНТ ВЫБРАЛ ДРУГОГО СПЕЦИАЛИСТА
59740015,посмотрел,КЛИЕНТ ВЫБРАЛ ДРУГОГО СПЕЦИАЛИСТА
59739800,посмотрел,КЛИЕНТ ОТМЕНИЛ ЗАКАЗ
59736666,посмотрел,КЛИЕНТ ВЫБРАЛ ДРУГОГО СПЕЦИАЛИСТА
59735751,посмотрел,КЛИЕНТ ОТМЕНИЛ ЗАКАЗ
59627272,ответил,КЛИЕНТ ОТМЕНИЛ ЗАКАЗ
59734948,посмотрел,ВЫ НАПИСАЛИ КЛИЕНТУ
59730592,посмотрел,КЛИЕНТ ВЫБРАЛ ДРУГОГО СПЕЦИАЛИСТА
59727669,посмотрел,ВЫ НАПИСАЛИ КЛИЕНТУ
59727277,посмотрел,КЛИЕНТ ВЫБРАЛ ДРУГОГО СПЕЦИАЛИСТА
59726651,посмотрел,ВЫ НАПИСАЛИ КЛИЕНТУ
59721864,посмотрел,КЛИЕНТ ОТМЕНИЛ ЗАКАЗ
59720094,посмотрел,КЛИЕНТ ВЫБРАЛ ДРУГОГО СПЕЦИАЛИСТА
59718019,не читал,КЛИЕНТ ВЫБРАЛ ДРУГОГО СПЕЦИАЛИСТА
59717141,посмотрел,КЛИЕНТ ВЫБРАЛ ДРУГОГО СПЕЦИАЛИСТА
59715570,посмотрел,КЛИЕНТ ВЫБРАЛ ДРУГОГО СПЕЦИАЛИСТА
59715073,посмотрел,КЛИЕНТ ОТМЕНИЛ ЗАКАЗ
59713120,посмотрел,ВЫ НАПИСАЛИ КЛИЕНТУ
59709938,посмотрел,КЛИЕНТ ВЫБРАЛ ДРУГОГО СПЕЦИАЛИСТА
59707489,посмотрел,КЛИЕНТ ВЫБРАЛ ДРУГОГО СПЕЦИАЛИСТА
59704884,посмотрел,ВЫ НАПИСАЛИ КЛИЕНТУ
59704359,не читал,КЛИЕНТ ВЫБРАЛ ДРУГОГО СПЕЦИАЛИСТА
59700298,посмотрел,КЛИЕНТ ВЫБРАЛ ДРУГОГО СПЕЦИАЛИСТА
59666415,ответил,КЛИЕНТ ОТМЕНИЛ ЗАКАЗ
59609945,посмотрел,КЛИЕНТ ВЫБРАЛ ДРУГОГО СПЕЦИАЛИСТА
59694524,посмотрел,КЛИЕНТ ВЫБРАЛ ДРУГОГО СПЕЦИАЛИСТА
59693920,посмотрел,ВЫ НАПИСАЛИ КЛИЕНТУ
59419717,посмотрел,КЛИЕНТ ОТМЕНИЛ ЗАКАЗ
59682718,посмотрел,КЛИЕНТ ВЫБРАЛ ДРУГОГО СПЕЦИАЛИСТА
59680775,посмотрел,КЛИЕНТ ВЫБРАЛ ДРУГОГО СПЕЦИАЛИСТА
59677198,посмотрел,КЛИЕНТ ВЫБРАЛ ДРУГОГО СПЕЦИАЛИСТА
59670961,не читал,КЛИЕНТ ВЫБРАЛ ДРУГОГО СПЕЦИАЛИСТА
59664305,посмотрел,КЛИЕНТ ВЫБРАЛ ДРУГОГО СПЕЦИАЛИСТА
59659034,посмотрел,ВЫ НАПИСАЛИ КЛИЕНТУ
59662883,посмотрел,КЛИЕНТ ОТМЕНИЛ ЗАКАЗ
59662826,посмотрел,ВЫ НАПИСАЛИ КЛИЕНТУ
59659269,ответил,КЛИЕНТ ВЫБРАЛ ДРУГОГО СПЕЦИАЛИСТА
59659553,ответил,КЛИЕНТ ВЫБРАЛ ДРУГОГО СПЕЦИАЛИСТА
59659763,не читал,КЛИЕНТ ВЫБРАЛ ДРУГОГО СПЕЦИАЛИСТА
59657358,ответил,ВЫ НАПИСАЛИ КЛИЕНТУ
59657683,посмотрел,ВЫ НАПИСАЛИ КЛИЕНТУ
59653777,посмотрел,КЛИЕНТ ОТМЕНИЛ ЗАКАЗ
59652938,посмотрел,КЛИЕНТ ОТМЕНИЛ ЗАКАЗ
59649313,посмотрел,КЛИЕНТ ВЫБРАЛ ДРУГОГО СПЕЦИАЛИСТА
59645641,посмотрел,ВЫ НАПИСАЛИ КЛИЕНТУ
59639070,посмотрел,КЛИЕНТ ВЫБРАЛ ДРУГОГО СПЕЦИАЛИСТА
59639685,посмотрел,КЛИЕНТ ВЫБРАЛ ДРУГОГО СПЕЦИАЛИСТА
59636037,посмотрел,КЛИЕНТ ВЫБРАЛ ДРУГОГО СПЕЦИАЛИСТА
59631454,не читал,КЛИЕНТ ОТМЕНИЛ ЗАКАЗ
59629275,посмотрел,КЛИЕНТ ОТМЕНИЛ ЗАКАЗ
59627453,посмотрел,КЛИЕНТ ВЫБРАЛ ДРУГОГО СПЕЦИАЛИСТА
59628158,не читал,КЛИЕНТ ОТМЕНИЛ ЗАКАЗ
59543597,посмотрел,ВЫ НАПИСАЛИ КЛИЕНТУ
59620851,посмотрел,КЛИЕНТ ОТМЕНИЛ ЗАКАЗ
59619836,не читал,КЛИЕНТ ВЫБРАЛ ДРУГОГО СПЕЦИАЛИСТА
59619576,не читал,КЛИЕНТ ВЫБРАЛ ДРУГОГО СПЕЦИАЛИСТА
59619301,посмотрел,КЛИЕНТ ОТМЕНИЛ ЗАКАЗ
59604193,посмотрел,КЛИЕНТ ВЫБРАЛ ДРУГОГО СПЕЦИАЛИСТА
59612723,посмотрел,КЛИЕНТ ВЫБРАЛ ДРУГОГО СПЕЦИАЛИСТА
59529977,не читал,КЛИЕНТ ВЫБРАЛ ДРУГОГО СПЕЦИАЛИСТА
59610155,не читал,КЛИЕНТ ОТМЕНИЛ ЗАКАЗ
59607394,посмотрел,КЛИЕНТ ВЫБРАЛ ДРУГОГО СПЕЦИАЛИСТА
59421014,не читал,КЛИЕНТ ОТМЕНИЛ ЗАКАЗ
59606604,не читал,КЛИЕНТ ОТМЕНИЛ ЗАКАЗ
59606469,посмотрел,КЛИЕНТ ВЫБРАЛ ДРУГОГО СПЕЦИАЛИСТА
59596852,посмотрел,КЛИЕНТ ВЫБРАЛ ДРУГОГО СПЕЦИАЛИСТА
58839841,не читал,КЛИЕНТ ВЫБРАЛ ДРУГОГО СПЕЦИАЛИСТА
59592347,посмотрел,КЛИЕНТ ВЫБРАЛ ДРУГОГО СПЕЦИАЛИСТА
59592026,посмотрел,КЛИЕНТ ОТМЕНИЛ ЗАКАЗ
59588144,посмотрел,КЛИЕНТ ВЫБРАЛ ДРУГОГО СПЕЦИАЛИСТА
59581727,посмотрел,КЛИЕНТ ВЫБРАЛ ДРУГОГО СПЕЦИАЛИСТА
59570191,посмотрел,КЛИЕНТ ВЫБРАЛ ДРУГОГО СПЕЦИАЛИСТА
54940051,посмотрел,ВЫ НАПИСАЛИ КЛИЕНТУ
59530206,посмотрел,ВЫ НАПИСАЛИ КЛИЕНТУ
59562844,посмотрел,КЛИЕНТ ОТМЕНИЛ ЗАКАЗ
59542857,посмотрел,ВЫ НАПИСАЛИ КЛИЕНТУ
59566461,посмотрел,КЛИЕНТ ОТМЕНИЛ ЗАКАЗ
59565389,посмотрел,ВЫ НАПИСАЛИ КЛИЕНТУ
59551363,посмотрел,КЛИЕНТ ОТМЕНИЛ ЗАКАЗ
59562499,посмотрел,КЛИЕНТ ВЫБРАЛ ДРУГОГО СПЕЦИАЛИСТА
59562804,посмотрел,ВЫ НАПИСАЛИ КЛИЕНТУ
59560542,не читал,КЛИЕНТ ВЫБРАЛ ДРУГОГО СПЕЦИАЛИСТА
59555680,посмотрел,КЛИЕНТ ВЫБРАЛ ДРУГОГО СПЕЦИАЛИСТА
59536824,ответил,ВЫ НАПИСАЛИ КЛИЕНТУ
59541796,не читал,КЛИЕНТ ОТМЕНИЛ ЗАКАЗ
59539362,посмотрел,КЛИЕНТ ОТМЕНИЛ ЗАКАЗ
59535579,посмотрел,КЛИЕНТ ВЫБРАЛ ДРУГОГО СПЕЦИАЛИСТА
59530510,ответил,КЛИЕНТ ОТМЕНИЛ ЗАКАЗ
59422685,посмотрел,КЛИЕНТ ВЫБРАЛ ДРУГОГО СПЕЦИАЛИСТА
59516176,посмотрел,КЛИЕНТ ВЫБРАЛ ДРУГОГО СПЕЦИАЛИСТА
59506800,не читал,КЛИЕНТ ВЫБРАЛ ДРУГОГО СПЕЦИАЛИСТА
59494453,не читал,КЛИЕНТ ВЫБРАЛ ДРУГОГО СПЕЦИАЛИСТА
59499095,посмотрел,КЛИЕНТ ОТМЕНИЛ ЗАКАЗ
59498889,не читал,КЛИЕНТ ВЫБРАЛ ДРУГОГО СПЕЦИАЛИСТА
59490360,посмотрел,КЛИЕНТ ОТМЕНИЛ ЗАКАЗ
59494015,не читал,КЛИЕНТ ВЫБРАЛ ДРУГОГО СПЕЦИАЛИСТА
59493251,посмотрел,ВЫ НАПИСАЛИ КЛИЕНТУ
59492008,посмотрел,КЛИЕНТ ВЫБРАЛ ДРУГОГО СПЕЦИАЛИСТА
59492407,посмотрел,КЛИЕНТ ВЫБРАЛ ДРУГОГО СПЕЦИАЛИСТА
59485564,посмотрел,КЛИЕНТ ОТМЕНИЛ ЗАКАЗ
59487180,посмотрел,КЛИЕНТ ВЫБРАЛ ДРУГОГО СПЕЦИАЛИСТА
59485628,посмотрел,КЛИЕНТ ОТМЕНИЛ ЗАКАЗ
59485268,не читал,КЛИЕНТ ВЫБРАЛ ДРУГОГО СПЕЦИАЛИСТА
59483769,посмотрел,КЛИЕНТ ОТМЕНИЛ ЗАКАЗ
59482802,посмотрел,КЛИЕНТ ВЫБРАЛ ДРУГОГО СПЕЦИАЛИСТА
59481537,посмотрел,ВЫ НАПИСАЛИ КЛИЕНТУ
59481771,посмотрел,ВЫ НАПИСАЛИ КЛИЕНТУ
59481854,посмотрел,ВЫ НАПИСАЛИ КЛИЕНТУ
59478385,посмотрел,ВЫ НАПИСАЛИ КЛИЕНТУ
59472645,посмотрел,ВЫ НАПИСАЛИ КЛИЕНТУ
59469505,посмотрел,КЛИЕНТ ВЫБРАЛ ДРУГОГО СПЕЦИАЛИСТА
59466660,не читал,КЛИЕНТ ВЫБРАЛ ДРУГОГО СПЕЦИАЛИСТА
59462792,не читал,КЛИЕНТ ОТМЕНИЛ ЗАКАЗ
59365615,посмотрел,КЛИЕНТ ОТМЕНИЛ ЗАКАЗ
59456165,посмотрел,КЛИЕНТ ВЫБРАЛ ДРУГОГО СПЕЦИАЛИСТА
59454933,посмотрел,КЛИЕНТ ВЫБРАЛ ДРУГОГО СПЕЦИАЛИСТА
59450010,посмотрел,КЛИЕНТ ВЫБРАЛ ДРУГОГО СПЕЦИАЛИСТА
59374498,посмотрел,КЛИЕНТ ОТМЕНИЛ ЗАКАЗ
59449160,посмотрел,КЛИЕНТ ОТМЕНИЛ ЗАКАЗ
59447134,не читал,КЛИЕНТ ОТМЕНИЛ ЗАКАЗ
59445874,посмотрел,КЛИЕНТ ВЫБРАЛ ДРУГОГО СПЕЦИАЛИСТА
59444536,посмотрел,ВЫ НАПИСАЛИ КЛИЕНТУ
59388697,ответил,КЛИЕНТ ВЫБРАЛ ДРУГОГО СПЕЦИАЛИСТА
59437666,посмотрел,ВЫ НАПИСАЛИ КЛИЕНТУ
59434096,посмотрел,КЛИЕНТ ВЫБРАЛ ДРУГОГО СПЕЦИАЛИСТА
59425100,посмотрел,КЛИЕНТ ВЫБРАЛ ДРУГОГО СПЕЦИАЛИСТА
59432315,не читал,КЛИЕНТ ОТМЕНИЛ ЗАКАЗ
59432069,посмотрел,КЛИЕНТ ВЫБРАЛ ДРУГОГО СПЕЦИАЛИСТА
59428609,посмотрел,ВЫ НАПИСАЛИ КЛИЕНТУ
59427524,посмотрел,КЛИЕНТ ВЫБРАЛ ДРУГОГО СПЕЦИАЛИСТА
59426844,посмотрел,ВЫ НАПИСАЛИ КЛИЕНТУ
59414366,посмотрел,КЛИЕНТ ОТМЕНИЛ ЗАКАЗ
59409229,посмотрел,КЛИЕНТ ВЫБРАЛ ДРУГОГО СПЕЦИАЛИСТА
59406259,посмотрел,КЛИЕНТ ВЫБРАЛ ДРУГОГО СПЕЦИАЛИСТА
59399403,ответил,КЛИЕНТ ВЫБРАЛ ДРУГОГО СПЕЦИАЛИСТА
59399013,посмотрел,КЛИЕНТ ВЫБРАЛ ДРУГОГО СПЕЦИАЛИСТА
59398073,посмотрел,ВЫ НАПИСАЛИ КЛИЕНТУ
59394185,посмотрел,КЛИЕНТ ВЫБРАЛ ДРУГОГО СПЕЦИАЛИСТА
59392591,посмотрел,ВЫ НАПИСАЛИ КЛИЕНТУ
59387991,не читал,КЛИЕНТ ОТМЕНИЛ ЗАКАЗ
59378047,посмотрел,КЛИЕНТ ОТМЕНИЛ ЗАКАЗ
59377606,посмотрел,КЛИЕНТ ВЫБРАЛ ДРУГОГО СПЕЦИАЛИСТА
59376877,посмотрел,КЛИЕНТ ОТМЕНИЛ ЗАКАЗ
59368860,не читал,КЛИЕНТ ВЫБРАЛ ДРУГОГО СПЕЦИАЛИСТА
59363791,посмотрел,КЛИЕНТ ОТМЕНИЛ ЗАКАЗ
59362718,не читал,КЛИЕНТ ОТМЕНИЛ ЗАКАЗ
59362458,не читал,КЛИЕНТ ВЫБРАЛ ДРУГОГО СПЕЦИАЛИСТА
59360324,не читал,КЛИЕНТ ОТМЕНИЛ ЗАКАЗ
59324426,посмотрел,КЛИЕНТ ВЫБРАЛ ДРУГОГО СПЕЦИАЛИСТА
58866536,посмотрел,КЛИЕНТ ОТМЕНИЛ ЗАКАЗ
59348344,посмотрел,КЛИЕНТ ВЫБРАЛ ДРУГОГО СПЕЦИАЛИСТА
59347665,не читал,ВЫ НАПИСАЛИ КЛИЕНТУ
59347604,посмотрел,ВЫ НАПИСАЛИ КЛИЕНТУ
59341647,посмотрел,ВЫ НАПИСАЛИ КЛИЕНТУ
59341626,посмотрел,КЛИЕНТ ОТМЕНИЛ ЗАКАЗ
59335990,посмотрел,КЛИЕНТ ОТМЕНИЛ ЗАКАЗ
59321052,ответил,КЛИЕНТ ВЫБРАЛ ДРУГОГО СПЕЦИАЛИСТА
59275618,посмотрел,КЛИЕНТ ОТМЕНИЛ ЗАКАЗ
59319349,посмотрел,КЛИЕНТ ВЫБРАЛ ДРУГОГО СПЕЦИАЛИСТА
59314514,посмотрел,КЛИЕНТ ОТМЕНИЛ ЗАКАЗ
59231958,ответил,КЛИЕНТ ВЫБРАЛ ДРУГОГО СПЕЦИАЛИСТА
59293734,не читал,КЛИЕНТ ОТМЕНИЛ ЗАКАЗ
59290037,посмотрел,КЛИЕНТ ВЫБРАЛ ДРУГОГО СПЕЦИАЛИСТА
59256267,посмотрел,КЛИЕНТ ОТМЕНИЛ ЗАКАЗ
59256299,ответил,ВЫ НАПИСАЛИ КЛИЕНТУ
59253553,посмотрел,КЛИЕНТ ОТМЕНИЛ ЗАКАЗ
59251895,посмотрел,КЛИЕНТ ВЫБРАЛ ДРУГОГО СПЕЦИАЛИСТА
59246445,посмотрел,КЛИЕНТ ВЫБРАЛ ДРУГОГО СПЕЦИАЛИСТА
59237500,посмотрел,ВЫ НАПИСАЛИ КЛИЕНТУ
59237106,посмотрел,КЛИЕНТ ОТМЕНИЛ ЗАКАЗ
59236002,посмотрел,КЛИЕНТ ВЫБРАЛ ДРУГОГО СПЕЦИАЛИСТА
59235741,посмотрел,КЛИЕНТ ОТМЕНИЛ ЗАКАЗ
59234547,посмотрел,КЛИЕНТ ВЫБРАЛ ДРУГОГО СПЕЦИАЛИСТА
59044703,не читал,КЛИЕНТ ВЫБРАЛ ДРУГОГО СПЕЦИАЛИСТА
59233460,не читал,КЛИЕНТ ОТМЕНИЛ ЗАКАЗ
59233238,не читал,КЛИЕНТ ВЫБРАЛ ДРУГОГО СПЕЦИАЛИСТА
59231852,посмотрел,КЛИЕНТ ВЫБРАЛ ДРУГОГО СПЕЦИАЛИСТА
59206112,посмотрел,ВЫ НАПИСАЛИ КЛИЕНТУ
59222402,посмотрел,КЛИЕНТ ВЫБРАЛ ДРУГОГО СПЕЦИАЛИСТА
59173776,посмотрел,КЛИЕНТ ОТМЕНИЛ ЗАКАЗ
59209446,посмотрел,КЛИЕНТ ВЫБРАЛ ДРУГОГО СПЕЦИАЛИСТА
59204314,посмотрел,ВЫ НАПИСАЛИ КЛИЕНТУ
59201613,не читал,КЛИЕНТ ОТМЕНИЛ ЗАКАЗ
59181677,ответил,КЛИЕНТ ОТМЕНИЛ ЗАКАЗ
59161456,не читал,КЛИЕНТ ВЫБРАЛ ДРУГОГО СПЕЦИАЛИСТА
59194568,не читал,КЛИЕНТ ОТМЕНИЛ ЗАКАЗ
59194176,посмотрел,КЛИЕНТ ВЫБРАЛ ДРУГОГО СПЕЦИАЛИСТА
59193161,посмотрел,КЛИЕНТ ОТМЕНИЛ ЗАКАЗ
59188828,ответил,ВЫ НАПИСАЛИ КЛИЕНТУ
59188530,посмотрел,КЛИЕНТ ВЫБРАЛ ДРУГОГО СПЕЦИАЛИСТА
59183633,посмотрел,КЛИЕНТ ВЫБРАЛ ДРУГОГО СПЕЦИАЛИСТА
59180692,посмотрел,КЛИЕНТ ВЫБРАЛ ДРУГОГО СПЕЦИАЛИСТА
59178723,посмотрел,КЛИЕНТ ВЫБРАЛ ДРУГОГО СПЕЦИАЛИСТА
59179149,посмотрел,КЛИЕНТ ОТМЕНИЛ ЗАКАЗ
59079828,не читал,КЛИЕНТ ОТМЕНИЛ ЗАКАЗ
59166312,посмотрел,ВЫ НАПИСАЛИ КЛИЕНТУ
58953896,ответил,КЛИЕНТ ВЫБРАЛ ДРУГОГО СПЕЦИАЛИСТА
59140309,посмотрел,КЛИЕНТ ОТМЕНИЛ ЗАКАЗ
59132577,посмотрел,КЛИЕНТ ВЫБРАЛ ДРУГОГО СПЕЦИАЛИСТА
59136899,не читал,КЛИЕНТ ОТМЕНИЛ ЗАКАЗ
59135239,посмотрел,КЛИЕНТ ВЫБРАЛ ДРУГОГО СПЕЦИАЛИСТА
59082207,посмотрел,КЛИЕНТ ВЫБРАЛ ДРУГОГО СПЕЦИАЛИСТА
59114750,посмотрел,КЛИЕНТ ВЫБРАЛ ДРУГОГО СПЕЦИАЛИСТА
59112781,посмотрел,КЛИЕНТ ВЫБРАЛ ДРУГОГО СПЕЦИАЛИСТА
59111151,посмотрел,КЛИЕНТ ОТМЕНИЛ ЗАКАЗ
59111075,посмотрел,ВЫ НАПИСАЛИ КЛИЕНТУ
59082974,посмотрел,КЛИЕНТ ВЫБРАЛ ДРУГОГО СПЕЦИАЛИСТА
59072192,посмотрел,КЛИЕНТ ОТМЕНИЛ ЗАКАЗ
59098283,посмотрел,ВЫ НАПИСАЛИ КЛИЕНТУ
59095644,ответил,КЛИЕНТ ВЫБРАЛ ДРУГОГО СПЕЦИАЛИСТА
59092295,посмотрел,ВЫ НАПИСАЛИ КЛИЕНТУ
59088531,посмотрел,КЛИЕНТ ОТМЕНИЛ ЗАКАЗ
59074753,посмотрел,КЛИЕНТ ВЫБРАЛ ДРУГОГО СПЕЦИАЛИСТА
59064286,посмотрел,ВЫ НАПИСАЛИ КЛИЕНТУ
59067385,посмотрел,ВЫ НАПИСАЛИ КЛИЕНТУ
59065582,посмотрел,КЛИЕНТ ВЫБРАЛ ДРУГОГО СПЕЦИАЛИСТА
59063941,посмотрел,КЛИЕНТ ВЫБРАЛ ДРУГОГО СПЕЦИАЛИСТА
59059884,посмотрел,КЛИЕНТ ВЫБРАЛ ДРУГОГО СПЕЦИАЛИСТА
59059931,посмотрел,ВЫ НАПИСАЛИ КЛИЕНТУ
59055163,ответил,КЛИЕНТ ОТМЕНИЛ ЗАКАЗ
59055444,посмотрел,КЛИЕНТ ВЫБРАЛ ДРУГОГО СПЕЦИАЛИСТА
59054983,не читал,КЛИЕНТ ВЫБРАЛ ДРУГОГО СПЕЦИАЛИСТА
59045311,посмотрел,ВЫ НАПИСАЛИ КЛИЕНТУ
58982820,не читал,КЛИЕНТ ВЫБРАЛ ДРУГОГО СПЕЦИАЛИСТА
59041387,посмотрел,КЛИЕНТ ВЫБРАЛ ДРУГОГО СПЕЦИАЛИСТА
59041526,не читал,КЛИЕНТ ОТМЕНИЛ ЗАКАЗ
59038936,посмотрел,КЛИЕНТ ОТМЕНИЛ ЗАКАЗ
59022057,посмотрел,КЛИЕНТ ОТМЕНИЛ ЗАКАЗ
59035677,не читал,КЛИЕНТ ОТМЕНИЛ ЗАКАЗ
59030516,посмотрел,КЛИЕНТ ВЫБРАЛ ДРУГОГО СПЕЦИАЛИСТА
59030290,посмотрел,КЛИЕНТ ОТМЕНИЛ ЗАКАЗ
59024276,посмотрел,КЛИЕНТ ВЫБРАЛ ДРУГОГО СПЕЦИАЛИСТА
59024086,посмотрел,ВЫ НАПИСАЛИ КЛИЕНТУ
59023920,не читал,КЛИЕНТ ВЫБРАЛ ДРУГОГО СПЕЦИАЛИСТА
59013533,посмотрел,КЛИЕНТ ВЫБРАЛ ДРУГОГО СПЕЦИАЛИСТА
59017950,посмотрел,КЛИЕНТ ВЫБРАЛ ДРУГОГО СПЕЦИАЛИСТА
59017615,посмотрел,КЛИЕНТ ВЫБРАЛ ДРУГОГО СПЕЦИАЛИСТА
59012030,не читал,КЛИЕНТ ОТМЕНИЛ ЗАКАЗ
58986926,посмотрел,КЛИЕНТ ВЫБРАЛ ДРУГОГО СПЕЦИАЛИСТА
58954838,посмотрел,КЛИЕНТ ВЫБРАЛ ДРУГОГО СПЕЦИАЛИСТА
58982550,посмотрел,КЛИЕНТ ВЫБРАЛ ДРУГОГО СПЕЦИАЛИСТА
58982545,посмотрел,КЛИЕНТ ВЫБРАЛ ДРУГОГО СПЕЦИАЛИСТА
58972768,посмотрел,КЛИЕНТ ОТМЕНИЛ ЗАКАЗ
55493547,не читал,КЛИЕНТ ВЫБРАЛ ДРУГОГО СПЕЦИАЛИСТА
58960631,посмотрел,КЛИЕНТ ВЫБРАЛ ДРУГОГО СПЕЦИАЛИСТА
58949559,не читал,КЛИЕНТ ВЫБРАЛ ДРУГОГО СПЕЦИАЛИСТА
58944852,посмотрел,КЛИЕНТ ВЫБРАЛ ДРУГОГО СПЕЦИАЛИСТА
58948753,посмотрел,КЛИЕНТ ОТМЕНИЛ ЗАКАЗ
58948126,посмотрел,КЛИЕНТ ОТМЕНИЛ ЗАКАЗ
58944808,не читал,КЛИЕНТ ОТМЕНИЛ ЗАКАЗ
58945136,посмотрел,ВЫ НАПИСАЛИ КЛИЕНТУ
58944678,посмотрел,КЛИЕНТ ВЫБРАЛ ДРУГОГО СПЕЦИАЛИСТА
58940559,не читал,КЛИЕНТ ОТМЕНИЛ ЗАКАЗ
58938107,посмотрел,КЛИЕНТ ВЫБРАЛ ДРУГОГО СПЕЦИАЛИСТА
58938720,посмотрел,КЛИЕНТ ВЫБРАЛ ДРУГОГО СПЕЦИАЛИСТА
58758440,посмотрел,КЛИЕНТ ВЫБРАЛ ДРУГОГО СПЕЦИАЛИСТА
58693730,посмотрел,ВЫ НАПИСАЛИ КЛИЕНТУ
58775729,не читал,КЛИЕНТ ОТМЕНИЛ ЗАКАЗ
58771910,ответил,ВЫ НАПИСАЛИ КЛИЕНТУ
58773078,посмотрел,КЛИЕНТ ВЫБРАЛ ДРУГОГО СПЕЦИАЛИСТА
58663247,не читал,КЛИЕНТ ОТМЕНИЛ ЗАКАЗ
58754031,посмотрел,КЛИЕНТ ВЫБРАЛ ДРУГОГО СПЕЦИАЛИСТА
58750263,посмотрел,ВЫ НАПИСАЛИ КЛИЕНТУ
58744247,посмотрел,ВЫ НАПИСАЛИ КЛИЕНТУ
58741501,посмотрел,КЛИЕНТ ОТМЕНИЛ ЗАКАЗ
58735111,не читал,ВЫ НАПИСАЛИ КЛИЕНТУ
58734610,посмотрел,КЛИЕНТ ВЫБРАЛ ДРУГОГО СПЕЦИАЛИСТА
58733052,посмотрел,КЛИЕНТ ВЫБРАЛ ДРУГОГО СПЕЦИАЛИСТА
58728413,посмотрел,КЛИЕНТ ВЫБРАЛ ДРУГОГО СПЕЦИАЛИСТА
58724267,посмотрел,КЛИЕНТ ОТМЕНИЛ ЗАКАЗ
58700976,не читал,КЛИЕНТ ВЫБРАЛ ДРУГОГО СПЕЦИАЛИСТА
58709164,не читал,ВЫ НАПИСАЛИ КЛИЕНТУ
58707393,посмотрел,ВЫ НАПИСАЛИ КЛИЕНТУ
58654813,посмотрел,КЛИЕНТ ОТМЕНИЛ ЗАКАЗ
58703888,посмотрел,КЛИЕНТ ВЫБРАЛ ДРУГОГО СПЕЦИАЛИСТА
58698321,посмотрел,КЛИЕНТ ОТМЕНИЛ ЗАКАЗ
58696850,не читал,КЛИЕНТ ОТМЕНИЛ ЗАКАЗ
58695970,посмотрел,КЛИЕНТ ОТМЕНИЛ ЗАКАЗ
58695300,ответил,КЛИЕНТ ВЫБРАЛ ДРУГОГО СПЕЦИАЛИСТА
58690752,посмотрел,КЛИЕНТ ВЫБРАЛ ДРУГОГО СПЕЦИАЛИСТА
58691053,не читал,КЛИЕНТ ВЫБРАЛ ДРУГОГО СПЕЦИАЛИСТА
58682542,посмотрел,ВЫ НАПИСАЛИ КЛИЕНТУ
58682790,посмотрел,ВЫ НАПИСАЛИ КЛИЕНТУ
58682745,посмотрел,ВЫ НАПИСАЛИ КЛИЕНТУ
58682221,посмотрел,КЛИЕНТ ВЫБРАЛ ДРУГОГО СПЕЦИАЛИСТА
58681001,посмотрел,ВЫ НАПИСАЛИ КЛИЕНТУ
58676139,посмотрел,КЛИЕНТ ВЫБРАЛ ДРУГОГО СПЕЦИАЛИСТА
58668317,посмотрел,КЛИЕНТ ВЫБРАЛ ДРУГОГО СПЕЦИАЛИСТА
58659726,не читал,КЛИЕНТ ВЫБРАЛ ДРУГОГО СПЕЦИАЛИСТА
58651697,ответил,КЛИЕНТ ОТМЕНИЛ ЗАКАЗ
58651812,посмотрел,КЛИЕНТ ВЫБРАЛ ДРУГОГО СПЕЦИАЛИСТА
58639535,не читал,КЛИЕНТ ВЫБРАЛ ДРУГОГО СПЕЦИАЛИСТА
58635577,посмотрел,КЛИЕНТ ВЫБРАЛ ДРУГОГО СПЕЦИАЛИСТА
58631956,ответил,КЛИЕНТ ОТМЕНИЛ ЗАКАЗ
58617888,посмотрел,ВЫ НАПИСАЛИ КЛИЕНТУ
58613173,посмотрел,КЛИЕНТ ВЫБРАЛ ДРУГОГО СПЕЦИАЛИСТА
54805747,посмотрел,КЛИЕНТ ВЫБРАЛ ДРУГОГО СПЕЦИАЛИСТА
58609216,посмотрел,КЛИЕНТ ВЫБРАЛ ДРУГОГО СПЕЦИАЛИСТА
58606826,посмотрел,КЛИЕНТ ВЫБРАЛ ДРУГОГО СПЕЦИАЛИСТА
58601378,посмотрел,КЛИЕНТ ВЫБРАЛ ДРУГОГО СПЕЦИАЛИСТА
58592141,ответил,КЛИЕНТ ВЫБРАЛ ДРУГОГО СПЕЦИАЛИСТА
58592161,не читал,КЛИЕНТ ВЫБРАЛ ДРУГОГО СПЕЦИАЛИСТА
58579745,не читал,КЛИЕНТ ВЫБРАЛ ДРУГОГО СПЕЦИАЛИСТА
58571254,посмотрел,ВЫ НАПИСАЛИ КЛИЕНТУ
58570732,посмотрел,ВЫ НАПИСАЛИ КЛИЕНТУ
58570561,не читал,КЛИЕНТ ОТМЕНИЛ ЗАКАЗ
58561923,посмотрел,КЛИЕНТ ВЫБРАЛ ДРУГОГО СПЕЦИАЛИСТА
58412563,не читал,КЛИЕНТ ОТМЕНИЛ ЗАКАЗ
58555321,посмотрел,КЛИЕНТ ВЫБРАЛ ДРУГОГО СПЕЦИАЛИСТА
58553813,посмотрел,КЛИЕНТ ВЫБРАЛ ДРУГОГО СПЕЦИАЛИСТА
58551382,посмотрел,КЛИЕНТ ОТМЕНИЛ ЗАКАЗ
58550699,посмотрел,ВЫ НАПИСАЛИ КЛИЕНТУ
58550161,не читал,КЛИЕНТ ОТМЕНИЛ ЗАКАЗ
58547883,посмотрел,КЛИЕНТ ВЫБРАЛ ДРУГОГО СПЕЦИАЛИСТА
58541188,не читал,КЛИЕНТ ОТМЕНИЛ ЗАКАЗ
58540797,посмотрел,ВЫ НАПИСАЛИ КЛИЕНТУ
58537973,посмотрел,КЛИЕНТ ВЫБРАЛ ДРУГОГО СПЕЦИАЛИСТА
58524939,посмотрел,ВЫ НАПИСАЛИ КЛИЕНТУ
58516242,посмотрел,КЛИЕНТ ВЫБРАЛ ДРУГОГО СПЕЦИАЛИСТА
58514968,посмотрел,КЛИЕНТ ВЫБРАЛ ДРУГОГО СПЕЦИАЛИСТА
58510420,посмотрел,КЛИЕНТ ВЫБРАЛ ДРУГОГО СПЕЦИАЛИСТА
58509868,посмотрел,КЛИЕНТ ВЫБРАЛ ДРУГОГО СПЕЦИАЛИСТА
58507595,посмотрел,ВЫ НАПИСАЛИ КЛИЕНТУ
58495440,не читал,КЛИЕНТ ВЫБРАЛ ДРУГОГО СПЕЦИАЛИСТА
58489692,не читал,КЛИЕНТ ВЫБРАЛ ДРУГОГО СПЕЦИАЛИСТА
58478129,не читал,КЛИЕНТ ОТМЕНИЛ ЗАКАЗ
58468170,не читал,КЛИЕНТ ОТМЕНИЛ ЗАКАЗ
58467496,посмотрел,КЛИЕНТ ОТМЕНИЛ ЗАКАЗ
